exec,step,bestf,worstf,avgf
29,0,3.7957325E7,3.40413164E7,3.677367020176005E7
