exec,step,bestf,worstf,avgf
27,0,3675.0,2947.0,3307.452
27,1,3675.0,2949.0,3310.232
27,2,3675.0,2962.0,3313.8190000000004
27,3,3675.0,2969.0,3317.389
27,4,3675.0,3036.0,3319.989
27,5,3675.0,3054.0,3320.1690000000003
27,6,3675.0,3064.0,3322.414
27,7,3675.0,3147.0,3324.5190000000002
27,8,3675.0,3174.0,3325.0190000000002
27,9,3675.0,3195.0,3328.8590000000004
27,10,3675.0,3196.4,3329.7870000000003
27,11,3675.0,3197.0,3330.6160000000004
27,12,3675.0,3165.0,3330.2960000000003
27,13,3675.0,3202.0,3331.3180000000007
27,14,3675.0,3202.0,3332.3720000000003
27,15,3675.0,3203.0,3333.3920000000003
27,16,3675.0,3205.5,3336.822
27,17,3675.0,3209.0,3339.4570000000003
27,18,3675.0,3223.7,3339.897
27,19,3675.0,3225.0,3340.6929999999998
27,20,3675.0,3225.3,3341.361
27,21,3675.0,3228.1,3342.062
27,22,3675.0,3228.9,3342.6510000000003
27,23,3675.0,3229.0,3343.19
27,24,3675.0,3229.2,3343.617
27,25,3675.0,3231.0,3343.729
27,26,3675.0,3015.0,3341.5689999999995
27,27,3675.0,3238.2,3347.5989999999997
27,28,3675.0,3238.8,3349.3069999999993
27,29,3675.0,3240.4,3352.5889999999995
27,30,3675.0,3109.0,3351.275
27,31,3675.0,3138.0,3351.565
27,32,3677.0,3242.6,3356.955
