exec,step,bestf,worstf,avgf
6,0,3672.0,2718.0,3320.0619999999994
6,1,3677.0,2890.0,3329.6519999999996
