exec,step,bestf,worstf,avgf
18,0,366095.0,324137.5,333930.7324
18,1,366095.0,324177.8,333934.61659999995
18,2,366095.0,324332.8,333938.19639999996
18,3,366095.0,324511.9,333942.0952999999
18,4,366095.0,324706.2,333946.14519999997
18,5,366095.0,324708.3,333972.186
18,6,366095.0,324880.9,333975.7865
18,7,366095.0,324886.4,333979.25690000004
18,8,366095.0,324972.8,334013.7025
18,9,366095.0,324982.4,334017.3746
18,10,366095.0,324994.0,334021.8512
18,11,366095.0,325156.8,334025.455
18,12,366095.0,325160.8,334044.6082
18,13,366095.0,325375.0,334048.37749999994
18,14,366095.0,325413.1,334051.3687
18,15,366095.0,325416.7,334054.5916
18,16,366095.0,325473.4,334085.1228999999
18,17,366095.0,325474.8,334088.23779999994
18,18,366095.0,325515.8,334127.9089999999
18,19,366095.0,325526.1,334130.4268999999
18,20,366095.0,325562.4,334133.0434999999
18,21,366095.0,325565.7,334156.4311
18,22,366095.0,325604.2,334157.24649999995
18,23,366095.0,325612.7,334186.52530000004
18,24,366095.0,325670.1,334188.85339999996
18,25,366095.0,325710.8,334209.0423
18,26,366095.0,325734.7,334212.55899999995
18,27,366095.0,325750.1,334215.2214999999
18,28,366095.0,325768.0,334216.02359999996
18,29,366095.0,325777.0,334228.84059999994
18,30,366095.0,325781.8,334231.59849999996
18,31,366095.0,325849.3,334233.53069999994
18,32,366095.0,325865.0,334235.7114999999
18,33,366095.0,325886.0,334238.36919999996
18,34,366095.0,325908.1,334241.22899999993
18,35,366095.0,325956.4,334242.88629999995
18,36,366095.0,325999.8,334273.7948999999
18,37,366095.0,326001.1,334312.8121
18,38,366095.0,326002.4,334315.53729999997
18,39,366095.0,326019.9,334350.1748999999
18,40,366095.0,326058.2,334353.5862999999
18,41,366095.0,326088.0,334355.9516999999
18,42,366095.0,326098.8,334357.0336999999
18,43,366095.0,326121.7,334358.3322999999
18,44,366095.0,326126.0,334361.66519999993
18,45,366095.0,326155.7,334394.3011999999
18,46,366095.0,326163.7,334395.96919999993
18,47,366095.0,326169.8,334398.5252999999
18,48,366097.0,326186.5,334438.45249999996
