exec,step,bestf,worstf,avgf
20,0,3676.0,2620.0,3304.1800000000017
20,1,3676.0,2952.0,3314.690000000002
20,2,3676.0,2988.0,3321.020000000002
20,3,3676.0,3024.0,3324.143000000002
20,4,3676.0,3026.0,3326.5790000000015
20,5,3677.0,3097.0,3333.0890000000013
